Case Number,Date Concluded,Presiding Judge (English),Presiding Judge (Dhivehi),Full Bench,Disposition,Source
2022/HC-A/188,2026-09-22,Abdul Raoof Ibrahim,ޢަބްދުއްރައޫފު އިބްރާހީމް,Abdul Raoof Ibrahim; Hassan Shafee; Ismail Shafee,Appeal dismissed (VTR ruling upheld),text
2025/HC-A/83,2026-09-21,Abdul Raoof Ibrahim,ޢަބްދުއްރައޫފު އިބްރާހީމް,Abdul Raoof Ibrahim; Hussain Mazeed; Fathimath Farheeza,Lower ruling vacated; estate divided equally among 4 heirs,text
2021/HC-A/431,2026-09-17,Muhammad Shaniz Abdulla,މުޙައްމަދު ޝަނީޒް ޢަބްދުالله,Muhammad Shaniz Abdulla; Hassan Shafee; Abdul Raoof Ibrahim,Appeal dismissed; tribunal ruling upheld,text
2026/HC-A/103,2026-09-10,Huzaifa Muhammad,ހުޒައިފާ މުޙައްމަދު,Huzaifa Muhammad; Abdul Maanee Hussain; Abdul Raoof Ibrahim,Temporary custody order revised,text
2024/HC-A/23,2026-09-06,Hassan Shafee,ހަސަން ޝަފީޢު,Hassan Shafee; Fathimath Farheeza; Abdul Raoof Ibrahim,"Appeal partly allowed; MVR 123,333.33 compensation ordered",text
2026/HC-B12/19,2026-09-06,Abdul Maanee Hussain,ޢަބްދުލްމާނިޢު ޙުސައިން,Abdul Maanee Hussain; Hassan Shafee; Ismail Shafee,Appeal dismissed; bail order upheld,text
2026/HC-B12/20,2026-09-05,Muhammad Shaniz Abdulla,މުޙައްމަދު ޝަނީޒް ޢަބްދުالله,Muhammad Shaniz Abdulla; Fathimath Farheeza; Ismail Shafee,Passport confiscation order set aside,text
2025/HC-A/362,2026-09-03,Fathimath Farheeza,ފަނޑިޔާރު ފާޠިމަތު ފަރުހީޒް,Muhammad Shaniz Abdulla; Fathimath Farheeza (presiding); Abdulla Jameel Moosa,Appeal petition dismissed; no legal grounds,OCR-high
2024/HC-A/91,2026-09-03,Huzaifa Muhammad,ހުޒައިފާ މުޙައްމަދު,Huzaifa Muhammad; Abdul Latheef Moosa; Ismail Shafee,Dismissal upheld; procedural fairness not fully met at tribunal,text
2022/HC-A/223,2026-09-03,Ibrahim Mahir,ފަނޑިޔާރު އިބްރާހީމް މާހިރު,Ibrahim Mahir (presiding); Abdulla Jameel Moosa; Hassan Shafee,NO_TEXT,OCR-med
2026/HC-A/52,2026-08-31,Ismail Shafee,އިސްމާޢީލް ޝަފީޢު,Ismail Shafee; Muhammad Shaniz Abdulla; Abdul Maanee Hussain,Appeal dismissed; Civil Court decision upheld,text
2022/HC-A/278,2026-08-27,Huzaifa Muhammad,ފަނޑިޔާރު ހުޒައިފާ މުޙައްމަދު,Huzaifa Muhammad (presiding); Hassan Shafee; Hussain Mazeed,NO_TEXT,OCR-med
2026/HC-B12/18,2026-08-27,Fathimath Farheeza,ފާޠިމަތު ފަރްހީޒާ,Fathimath Farheeza; Hussain Mazeed; Muhammad Shaniz Abdulla,Lower order quashed; remitted for proper reasoning,text
2024/HC-A/213,2026-08-27,Huzaifa Muhammad,ހުޒައިފާ މުޙައްމަދު,Huzaifa Muhammad; Muhammad Shaniz Abdulla; Abdul Maanee Hussain,Appeal allowed; remitted to Civil Court,text
2023/HC-A/224,2026-08-27,Ibrahim Mahir,އިބްރާހީމް މާހިރު,Ibrahim Mahir; Fathimath Farheeza; Abdul Maanee Hussain,Lower judgment annulled; remanded,text
2022/HC-A/324,2026-08-24,Fathimath Farheeza,ފާޠިމަތު ފަރްހީޒާ,Fathimath Farheeza; Ibrahim Mahir; Ismail Shafee,Appeal partly allowed; lower judgment modified,text
2021/HC-A/02,2026-08-23,Muhammad Shaniz Abdulla,މުޙައްމަދު ޝަނީޒް ޢަބްދުالله,Muhammad Shaniz Abdulla; Ismail Shafee; Abdul Raoof Ibrahim,Appeal dismissed; lower ruling upheld,text
2020/HC-A/227,2026-08-20,Hassan Shafee,ހަސަން ޝަފީޢު,Hassan Shafee; Hussain Mazeed; Dheebanaz Fahmy,Debt-enforcement judgment; proceeds distributed,text
2021/HC-A/56,2026-08-20,Hassan Shafee,ހަސަން ޝަފީޢު,Hassan Shafee; Hussain Mazeed; Dheebanaz Fahmy,Appeal dismissed (execution matter),text
2023/HC-A/146,2026-08-20,Fathimath Farheeza,ފާޠިމަތު ފަރްހީޒާ,Fathimath Farheeza; Hussain Mazeed; Dheebanaz Fahmy,Appeal allowed; conviction vacated,text
2024/HC-A/127,2026-08-18,Hussain Mazeed,ހުސައިން މަޒީދު,Hussain Mazeed; Hassan Shafee; Fathimath Farheeza,Appeal dismissed; conviction affirmed (child sexual abuse),text
2026/HC-B12/17,2026-08-18,Huzaifa Muhammad,ހުޒައިފާ މުޙައްމަދު,Huzaifa Muhammad; Fathimath Farheeza; Abdul Maanee Hussain,Appeal dismissed; witness-protection issue remanded,text
2022/HC-A/6,2026-08-18,Muhammad Shaniz Abdulla,ފަނޑިޔާރު މުޙައްމަދު ޝަނީޒް ޢަބްދުالله,Ibrahim Mahir; Muhammad Shaniz Abdulla (presiding); Dheebanaz Fahmy,NO_TEXT,OCR-high
2024/HC-A/221,2026-08-13,Ismail Shafee,ފަނޑިޔާރު އިސްމާޢީލް ޝަފީޢު,Huzaifa Muhammad; Ismail Shafee (presiding); Abdulla Jameel Moosa,NO_TEXT,OCR-high
2023/HC-JC/1,2026-08-13,Huzaifa Muhammad,ޙުޒައިފާ މުޙައްމަދު,Huzaifa Muhammad; Hassan Shafee; Ibrahim Mahir,Death sentence upheld (premeditated murder),text
2024/HC-A/168,2026-08-12,Huzaifa Muhammad,ހުޒައިފާ މުޙައްމަދު,Huzaifa Muhammad; Hassan Shafee; Abdul Raoof Ibrahim,Interim-order petition dismissed; tribunal decision upheld,text
2022/HC-A/224,2026-08-12,Hassan Shafee,ހަސަން ޝަފީޢު,Hassan Shafee; Hussain Mazeed; Abdul Raoof Ibrahim,Unfair-dismissal appeal partly allowed; 6 months' salary,text
2024/HC-A/06,2026-08-12,Fathimath Farheeza,ފަނޑިޔާރު ފާޠިމަތު ފަރުހީޒް,Huzaifa Muhammad; Fathimath Farheeza (presiding); Hassan Shafee,NO_TEXT,OCR-high
2026/HC-A/60,2026-08-10,Huzaifa Muhammad,ހުޒައިފާ މުޙައްމަދު,Huzaifa Muhammad; Abdulla Jameel Moosa; Ibrahim Mahir,Protection-order appeal dismissed,text
2024/HC-A/185,2026-08-10,Muhammad Shaniz Abdulla,ފަނޑިޔާރު މުޙައްމަދު ޝަނީޒް ޢަބްދުالله,Abdul Raoof Ibrahim; Muhammad Shaniz Abdulla (presiding); Hussain Mazeed,NO_TEXT,OCR-high
2025/HC-A/364,2026-08-10,Hussain Mazeed,ފަނޑިޔާރު ޙުސައިން މަޒީދު,Abdul Maanee Hussain; Hussain Mazeed (presiding); Muhammad Shaniz Abdulla,NO_TEXT,OCR-high
2022/HC-A/176,2026-08-09,Muhammad Shaniz Abdulla,މުޙައްމަދު ޝަނީޒް ޢަބްދުالله,Muhammad Shaniz Abdulla; Hassan Shafee; Fathimath Farheeza,"Appeal dismissed; unfair dismissal upheld; MVR 65,000",text
2022/HC-A/134,2026-08-09,Muhammad Shaniz Abdulla,ފަނޑިޔާރު މުޙައްމަދު ޝަނީޒް ޢަބްދުالله,Ibrahim Mahir; Muhammad Shaniz Abdulla (presiding); Abdul Raoof Ibrahim,Dismissed,OCR-high
2022/HC-A/114,2026-08-05,Dheebanaz Fahmy,ދީބާނާޒް ފަހުމީ,Dheebanaz Fahmy; Hussain Mazeed; Muhammad Shaniz Abdulla,Appeal allowed; Family Court ruling quashed and remitted,text
2023/HC-A/306,2026-07-21,Abdulla Jameel Moosa,ފަނޑިޔާރު ޢަބްދުالله ޖަމީލް މޫސާ,Abdul Raoof Ibrahim; Abdulla Jameel Moosa (presiding); Hassan Shafee,Petition dismissed,OCR-high
2023/HC-A/361,2026-07-21,Abdulla Jameel Moosa,ފަނޑިޔާރު ޢަބްދުالله ޖަމީލް މޫސާ,Abdul Raoof Ibrahim; Abdulla Jameel Moosa (presiding); Hassan Shafee,Petition dismissed,OCR-high
2023/HC-A/141,2026-07-20,Abdul Raoof Ibrahim,ޢަބްދުއްރައޫފު އިބްރާހީމް,Abdul Raoof Ibrahim; Hussain Mazeed; Ismail Shafee,Appeal partly allowed; remanded to Employment Tribunal,text
2023/HC-A/145,2026-07-20,Hussain Mazeed,ހުސައިން މަޒީދު,Hussain Mazeed; Ismail Shafee; Abdul Raoof Ibrahim,Appeal dismissed; tribunal correction upheld,text
2025/HC-A/318,2026-07-16,Hussain Mazeed,ހުސައިން މަޒީދު,Hussain Mazeed; Fathimath Farheeza; Huzaifa Muhammad,Conviction affirmed; sentence reduced (24y 10m + fine),text
2023/HC-A/365,2026-07-16,Huzaifa Muhammad,ފަނޑިޔާރު ހުޒައިފާ މުޙައްމަދު,Ibrahim Mahir; Huzaifa Muhammad (presiding); Abdul Maanee Hussain,Dismissed,OCR-med
2022/HC-A/409,2026-07-16,Hassan Shafee,ހަސަން ޝަފީޢު,Hassan Shafee; Dheebanaz Fahmy; Ibrahim Mahir,Appeal dismissed; reinstatement + 4 months' salary,text
2023/HC-A/277,2026-07-15,Hassan Shafee,ހަސަން ޝަފީޢު,Hassan Shafee; Hussain Mazeed; Muhammad Shaniz Abdulla,Remanded for reconsideration of evidence,text
2021/HC-A/176,2026-07-14,Muhammad Shaniz Abdulla,މުޙައްމަދު ޝަނީޒް ޢަބްދުالله,Muhammad Shaniz Abdulla; Abdulla Jameel Moosa; Abdul Maanee Hussain,Appeal partly allowed,text
2021/HC-A/028,2026-07-14,Muhammad Shaniz Abdulla,މުޙައްމަދު ޝަނީޒް ޢަބްދުالله,Muhammad Shaniz Abdulla; Abdulla Jameel Moosa; Ibrahim Mahir,"Lower judgment affirmed (rent; MVR 1,191,500)",text
2023/HC-A/5,2026-07-13,Abdulla Jameel Moosa,ފަނޑިޔާރު ޢަބްދުالله ޖަމީލް މޫސާ,Ismail Shafee; Abdulla Jameel Moosa (presiding); Hussain Mazeed,Dismissed (delay),OCR-high
2025/HC-A/320,2026-07-12,Hussain Mazeed,ފަނޑިޔާރު ޙުސައިން މަޒީދު,Muhammad Shaniz Abdulla; Hussain Mazeed (presiding); Hassan Shafee,NO_TEXT,OCR-high
2022/HC-A/147,2026-07-09,Muhammad Shaniz Abdulla,މުޙައްމަދު ޝަނީޒް ޢަބްދުالله,Muhammad Shaniz Abdulla; Hassan Shafee; Huzaifa Muhammad,Appeal allowed; lower judgment vacated,text
2024/HC-A/138,2026-07-09,Fathimath Farheeza,ފަނޑިޔާރު ފާޠިމަތު ފަރުހީޒް,Muhammad Shaniz Abdulla; Fathimath Farheeza (presiding); Huzaifa Muhammad,Revision petition rejected,OCR-high
2025/HC-A/237,2026-07-07,Hassan Shafee,ހަސަން ޝަފީޢު,Hassan Shafee; Hussain Mazeed; Muhammad Shaniz Abdulla,Conviction upheld (18-year sentence),text
2026/HC-B12/16,2026-07-04,Abdulla Jameel Moosa,ޢަބްދުالله ޖަމީލް މޫސާ,Abdulla Jameel Moosa; Fathimath Farheeza; Ismail Shafee,Appeal allowed; lower ruling vacated; remitted,text
2023/HC-A/108,2026-06-30,Hassan Shafee,ހަސަން ޝަފީޢު,Hassan Shafee; Hussain Mazeed; Abdul Maanee Hussain,Appeal partly allowed; contract partially voided,text
2025/HC-A/280,2026-06-30,Dheebanaz Fahmy,ފަނޑިޔާރު ދީބާނާޒް ފަހްމީ,Hassan Shafee; Dheebanaz Fahmy (presiding); Hussain Mazeed,Petition dismissed,OCR-high
2024/HC-JC/1,2026-06-30,Dheebanaz Fahmy,ދީބާނާޒް ފަހުމީ,Dheebanaz Fahmy; Abdulla Jameel Moosa; Hussain Mazeed,Death sentence upheld; remanded for procedural review,text
2026/HC-A/12,2026-06-23,Fathimath Farheeza,ފާޠިމަތު ފަރްހީޒާ,Fathimath Farheeza; Hussain Mazeed; Dheebanaz Fahmy,Appeal dismissed (interim order),text
2025/HC-A/98,2026-06-23,Muhammad Shaniz Abdulla,ފަނޑިޔާރު މުޙައްމަދު ޝަނީޒް ޢަބްދުالله,Ismail Shafee; Muhammad Shaniz Abdulla (presiding); Abdul Maanee Hussain,NO_TEXT,OCR-high
2021/HC-A/196,2026-06-22,Abdul Raoof Ibrahim,ޢަބްދުއްރައޫފު އިބްރާހީމް,Abdul Raoof Ibrahim; Hussain Mazeed; Muhammad Shaniz Abdulla,Reversed; remanded for recalculation of compensation,text
2025/HC-A/248,2026-06-21,Huzaifa Muhammad,ހުޒައިފާ މުޙައްމަދު,Huzaifa Muhammad; Hassan Shafee; Fathimath Farheeza,"Appeal partly allowed; insurance claim USD 55,509.40",text
2024/HC-A/35,2026-06-21,Dheebanaz Fahmy,ދީބާނާޒް ފަހުމީ,Dheebanaz Fahmy; Muhammad Shaniz Abdulla; Abdul Maanee Hussain,Appeal dismissed; protective order affirmed (modified),text
323/HC-A/2022,2026-06-18,Huzaifa Muhammad,ފަނޑިޔާރު ހުޒައިފާ މުޙައްމަދު,Ibrahim Mahir; Huzaifa Muhammad (presiding); Dheebanaz Fahmy,Dismissed,OCR-med
2022/HC-A/52,2026-06-15,Muhammad Shaniz Abdulla,މުޙައްމަދު ޝަނީޒް ޢަބްދުالله,Muhammad Shaniz Abdulla; Dheebanaz Fahmy; Abdul Maanee Hussain,Consolidated appeals (tender dispute); decided together,text
2023/HC-A/339,2026-06-15,Muhammad Shaniz Abdulla,މުޙައްމަދު ޝަނީޒް ޢަބްދުالله,Muhammad Shaniz Abdulla; Dheebanaz Fahmy; Abdul Maanee Hussain,Consolidated with 2022/HC-A/52 (tender dispute),text
2023/HC-A/383,2026-06-15,Muhammad Shaniz Abdulla,މުޙައްމަދު ޝަނީޒް ޢަބްދުالله,Muhammad Shaniz Abdulla; Dheebanaz Fahmy; Abdul Maanee Hussain,Consolidated with 2022/HC-A/52 (tender dispute),text
2025/HC-A/154,2026-06-14,Fathimath Farheeza,ފާޠިމަތު ފަރްހީޒާ,Fathimath Farheeza; Hassan Shafee; Muhammad Shaniz Abdulla,Interim-order appeal dismissed; settlement agreement void,text
2023/HC-A/88,2026-06-14,Abdulla Jameel Moosa,ފަނޑިޔާރު ޢަބްދުالله ޖަމީލް މޫސާ,Fathimath Farheeza; Abdulla Jameel Moosa (presiding); Hassan Shafee,Dismissed,OCR-high
2023/HC-A/235,2026-06-07,Abdul Raoof Ibrahim,ޢަބްދުއްރައޫފު އިބްރާހީމް,Abdul Raoof Ibrahim; Abdul Maanee Hussain; Ismail Shafee,Appeal allowed; remanded to lower court,text
2024/HC-A/216,2026-06-04,Hussain Mazeed,ހުސައިން މަޒީދު,Hussain Mazeed; Fathimath Farheeza; Abdul Raoof Ibrahim,Interim-order appeal dismissed; remanded,text
2025/HC-A/324,2026-06-03,Fathimath Farheeza,ފާޠިމަތު ފަރްހީޒާ,Fathimath Farheeza; Hussain Mazeed; Muhammad Shaniz Abdulla,Appeal dismissed; interim-order denial upheld,text
2022/HC-A/125,2026-05-31,Fathimath Farheeza,ފާޠިމަތު ފަރްހީޒާ,Fathimath Farheeza; Hussain Mazeed; Dheebanaz Fahmy,Dismissal deemed unfair; reinstatement ordered,text
2025/HC-A/04,2026-05-20,Huzaifa Muhammad,ހުޒައިފާ މުޙައްމަދު,Huzaifa Muhammad; Hussain Mazeed; Hassan Shafee,Appeal partly allowed,text
2023/HC-A93b,2026-05-19,Hassan Shafee,ފަނޑިޔާރު ޙަސަން ޝަފީޢު,Abdul Raoof Ibrahim; Hassan Shafee (presiding); Dheebanaz Fahmy,NO_TEXT (duplicate listing of 2023/HC-A/93),OCR-high
2024/HC-A/81,2026-05-17,Abdul Maanee Hussain,ޢަބްދުލްމާނިޢު ޙުސައިން,Abdul Maanee Hussain; Hassan Shafee; Muhammad Shaniz Abdulla,Reversed and remanded (estate division),text
2024/HC-A/58,2026-05-17,Huzaifa Muhammad,ފަނޑިޔާރު ހުޒައިފާ މުޙައްމަދު,Ibrahim Mahir; Huzaifa Muhammad (presiding); Muhammad Shaniz Abdulla,Dismissed,OCR-med
2026/HC-I-SH/2,2026-05-14,Ismail Shafee,އިސްމާޢީލް ޝަފީޢު,Ismail Shafee; Abdulla Jameel Moosa; Hassan Shafee,Petition dismissed; election result not annulled,text
2026/HC-I-SH/3,2026-05-14,Abdulla Jameel Moosa,ޢަބްދުالله ޖަމީލް މޫސާ,Abdulla Jameel Moosa; Hussain Mazeed; Abdul Maanee Hussain,Election complaint dismissed; no recount,text
2023/HC-A/93,2026-05-14,Hassan Shafee,ފަނޑިޔާރު ޙަސަން ޝަފީޢު,Abdul Raoof Ibrahim; Hassan Shafee (presiding); Dheebanaz Fahmy,NO_TEXT,OCR-high
2026/HC-I-SH/1,2026-05-13,Muhammad Shaniz Abdulla,މުޙައްމަދު ޝަނީޒް ޢަބްދުالله,Muhammad Shaniz Abdulla; Ibrahim Mahir; Abdul Raoof Ibrahim,Election annulled; recount ordered,text
2023/HC-A/14,2026-05-07,Muhammad Shaniz Abdulla,މުޙައްމަދު ޝަނީޒް ޢަބްދުالله,Muhammad Shaniz Abdulla; Hussain Mazeed; Dheebanaz Fahmy,Appeal partly allowed (property ownership),text
2026/HC-B12/15,2026-05-07,Dheebanaz Fahmy,ދީބާނާޒް ފަހުމީ,Dheebanaz Fahmy; Huzaifa Muhammad; Ibrahim Mahir,Detention-order appeal dismissed,text
2022/HC-A/331,2026-05-05,Abdul Raoof Ibrahim,ފަނޑިޔާރު ޢަބްދުއްރައޫފު އިބްރާހީމް,Ibrahim Mahir; Abdul Raoof Ibrahim (presiding); Hussain Mazeed,NO_TEXT,OCR-high
2024/HC-A/63,2026-05-05,Hussain Mazeed,ފަނޑިޔާރު ޙުސައިން މަޒީދު,Fathimath Farheeza; Hussain Mazeed (presiding); Hassan Shafee,Petition dismissed,OCR-high
"2026/HC-B12/13,14",2026-05-05,Hassan Shafee,ހަސަން ޝަފީޢު,Hassan Shafee; Dheebanaz Fahmy; Abdul Raoof Ibrahim,Bail review dismissed; detention upheld,text
2026/HC-A/239,2026-05-04,Hussain Mazeed,ޙުސައިން މަޒީދު,Hussain Mazeed; Abdulla Jameel Moosa; Fathimath Farheeza,Appeal partly allowed (pension),text
2022/HC-A/455,2026-05-04,Huzaifa Muhammad,ހުޒައިފާ މުޙައްމަދު,Huzaifa Muhammad; Dheebanaz Fahmy; Abdul Raoof Ibrahim,Appeal dismissed; agreement termination upheld,text
2022/HC-A/194,2026-05-04,Muhammad Shaniz Abdulla,ފަނޑިޔާރު މުޙައްމަދު ޝަނީޒް ޢަބްދުالله,Huzaifa Muhammad; Muhammad Shaniz Abdulla (presiding); Hassan Shafee,NO_TEXT,OCR-high
2026/HC-B12/12,2026-05-04,Ibrahim Mahir,އިބްރާހީމް މާހިރު,Ibrahim Mahir; Abdul Raoof Ibrahim; Ismail Shafee,Reversed; evidence improperly admitted; remanded,text
2026/HC-B12/11,2026-05-03,Hussain Mazeed,ހުސައިން މަޒީދު,Hussain Mazeed; Abdul Maanee Hussain; Ismail Shafee,Appeal partly allowed; remanded (detention conditions),text
2019/HC-A/173,2026-05-03,Fathimath Farheeza,ފާޠިމަތު ފަރްހީޒާ,Fathimath Farheeza; Abdulla Jameel Moosa; Ibrahim Mahir,Loan/guarantee dispute decided (facility agreement issue),text
2019/HC-A/248,2026-05-03,Fathimath Farheeza,ފާޠިމަތު ފަރްހީޒާ,Fathimath Farheeza; Abdulla Jameel Moosa; Ibrahim Mahir,Consolidated with 2019/HC-A/173,text
2024/HC-A/192,2026-04-28,Huzaifa Muhammad,ހުޒައިފާ މުޙައްމަދު,Huzaifa Muhammad; Fathimath Farheeza; Dheebanaz Fahmy,Appeal dismissed,text
2025/HC-A/202,2026-04-26,Muhammad Shaniz Abdulla,މުޙައްމަދު ޝަނީޒް ޢަބްދުالله,Muhammad Shaniz Abdulla; Abdulla Jameel Moosa; Ibrahim Mahir,Interim-order appeal dismissed; substantive case remanded,text
2024/HC-A/56,2026-04-26,Hassan Shafee,ފަނޑިޔާރު ޙަސަން ޝަފީޢު,Dheebanaz Fahmy; Hassan Shafee (presiding); Huzaifa Muhammad,NO_TEXT,OCR-high
2023/HC-A/225,2026-04-26,Hassan Shafee,ފަނޑިޔާރު ޙަސަން ޝަފީޢު,Abdulla Jameel Moosa; Hassan Shafee (presiding); Hussain Mazeed,NO_TEXT,OCR-high
2026/HC-A/63,2026-04-23,Ismail Shafee,އިސްމާޢީލް ޝަފީޢު,Ismail Shafee; Muhammad Shaniz Abdulla; Abdul Raoof Ibrahim,Appeal dismissed (procedural),text
2026/HC-B12/10,2026-04-22,Ismail Shafee,އިސްމާޢީލް ޝަފީޢު,Ismail Shafee; Ibrahim Mahir; Abdul Raoof Ibrahim,Bail order vacated; remanded for reassessment,text
2025/HC-A/302,2026-04-22,Ismail Shafee,ފަނޑިޔާރު އިސްމާޢީލް ޝަފީޢު,Hassan Shafee; Ismail Shafee (presiding); Hussain Mazeed,NO_TEXT,OCR-high
2025/HC-A/260,2026-04-20,Fathimath Farheeza,ފަނޑިޔާރު ފާޠިމަތު ފަރުހީޒް,Abdulla Jameel Moosa; Fathimath Farheeza (presiding); Abdul Maanee Hussain,NO_TEXT,OCR-high
2021/HC-A/52,2026-04-16,Muhammad Shaniz Abdulla,މުޙައްމަދު ޝަނީޒް ޢަބްދުالله,Muhammad Shaniz Abdulla; Hassan Shafee; Abdul Maanee Hussain,Appeal allowed; reinstated with back pay,text
2022/HC-A/02-07,2026-04-16,Hassan Shafee,ޙަސަން ޝަފީޢު,Hassan Shafee; Fathimath Farheeza; Muhammad Shaniz Abdulla,Appeal denied; insurance claim rejected,text
2018/HC-A/383,2026-04-16,Dheebanaz Fahmy,ދީބާނާޒް ފަހުމީ,Dheebanaz Fahmy; Huzaifa Muhammad; Abdulla Jameel Moosa,Appeal partly allowed; cancellation notice invalid,text
2022/HC-A/336,2026-04-15,Muhammad Shaniz Abdulla,މުޙައްމަދު ޝަނީޒް ޢަބްދުالله,Muhammad Shaniz Abdulla; Huzaifa Muhammad; Abdulla Jameel Moosa,Reversed; registrations invalidated,text
2026/HC-A/45,2026-04-15,Abdul Raoof Ibrahim,ޢަބްދުއްރައޫފު އިބްރާހީމް,Abdul Raoof Ibrahim; Muhammad Shaniz Abdulla; Abdulla Jameel Moosa,Allowed; appellants granted right to intervene,text
2026/HC-A/44,2026-04-15,Abdul Raoof Ibrahim,ޢަބްދުއްރައޫފު އިބްރާހީމް,Abdul Raoof Ibrahim; Muhammad Shaniz Abdulla; Abdulla Jameel Moosa,Consolidated with 2026/HC-A/45; remanded; intervention allowed,text
2026/HC-B12/09,2026-04-15,Abdul Maanee Hussain,ޢަބްދުލްމާނިޢު ޙުސައިން,Abdul Maanee Hussain; Abdul Raoof Ibrahim; Ismail Shafee,Bail order vacated; remanded,text
2023/HC-A/175,2026-04-15,Fathimath Farheeza,ފަނޑިޔާރު ފާޠިމަތު ފަރުހީޒް,Abdulla Jameel Moosa; Fathimath Farheeza (presiding); Abdul Maanee Hussain,Petition dismissed,OCR-high
2023/HC-A/264,2026-04-07,Fathimath Farheeza,ފާޠިމަތު ފަރްހީޒާ,Fathimath Farheeza; Muhammad Shaniz Abdulla; Abdul Maanee Hussain,Dismissed; tribunal lacked jurisdiction (probation),text
2023/HC-A/393,2026-04-01,Ibrahim Mahir,ފަނޑިޔާރު އިބްރާހީމް މާހިރު,Abdul Maanee Hussain; Ibrahim Mahir (presiding); Hassan Shafee,NO_TEXT,OCR-med
2025/HC-A/317,2026-03-23,Fathimath Farheeza,ފާޠިމަތު ފަރްހީޒާ,Fathimath Farheeza; Hassan Shafee; Dheebanaz Fahmy,Appeal dismissed,text
2026/HC-B12/07,2026-03-05,Ismail Shafee,ފަނޑިޔާރު އިސްމާޢީލް ޝަފީޢު,Abdul Raoof Ibrahim; Ismail Shafee (presiding); Ibrahim Mahir,NO_TEXT,OCR-high
2026/HC-B12/08,2026-03-05,Abdul Raoof Ibrahim,ޢަބްދުއްރައޫފު އިބްރާހީމް,Abdul Raoof Ibrahim; Ibrahim Mahir; Ismail Shafee,Appeal allowed; lower order annulled,text
2026/HC-B12/06,2026-03-05,Muhammad Shaniz Abdulla,މުޙައްމަދު ޝަނީޒް ޢަބްދުالله,Muhammad Shaniz Abdulla; Ibrahim Mahir; Abdul Raoof Ibrahim,Revision application dismissed,text
2024/HC-A/279,2026-03-05,Abdul Raoof Ibrahim,ފަނޑިޔާރު ޢަބްދުއްރައޫފު އިބްރާހީމް,Fathimath Farheeza; Abdul Raoof Ibrahim (presiding); Hassan Shafee,NO_TEXT,OCR-high
2022/HC-A/87,2026-02-28,Fathimath Farheeza,ފާޠިމަތު ފަރްހީޒާ,Fathimath Farheeza; Dheebanaz Fahmy; Abdulla Jameel Moosa,Appeal partly allowed; unfair dismissal; reinstatement,text
2021/HC-A/362,2026-02-28,Fathimath Farheeza,ފާޠިމަތު ފަރްހީޒާ,Fathimath Farheeza; Hassan Shafee; Muhammad Shaniz Abdulla,Appeal dismissed; lower judgment upheld,text
2026/HC-B12/5,2026-02-28,Dheebanaz Fahmy,ދީބާނާޒް ފަހުމީ,Dheebanaz Fahmy; Muhammad Shaniz Abdulla; Abdul Maanee Hussain,Reversed (evidence-access conditions),text
2023/HC-A/241,2026-02-24,Fathimath Farheeza,ފާޠިމަތު ފަރްހީޒާ,Fathimath Farheeza; Abdulla Jameel Moosa; Abdul Maanee Hussain,Conviction upheld (15-year sentence),text
2021/HC-A/180,2026-02-19,Muhammad Shaniz Abdulla,މުޙައްމަދު ޝަނީޒް ޢަބްދުالله,Muhammad Shaniz Abdulla; Fathimath Farheeza; Ibrahim Mahir,Unfair dismissal; reinstatement with back pay,text
2026/HC-B12/04,2026-02-19,Ibrahim Mahir,އިބްރާހީމް މާހިރު,Ibrahim Mahir; Muhammad Shaniz Abdulla; Abdul Maanee Hussain,Petition dismissed; lower order upheld,text
2021/HC-A/229,2026-02-18,Muhammad Shaniz Abdulla,މުޙައްމަދު ޝަނީޒް ޢަބްދުالله,Muhammad Shaniz Abdulla; Hussain Mazeed; Abdulla Jameel Moosa,Appeal allowed; unfair dismissal upheld; reinstatement,text
2023/HC-A/103,2026-02-18,Huzaifa Muhammad,ހުޒައިފާ މުޙައްމަދު,Huzaifa Muhammad; Hussain Mazeed; Fathimath Farheeza,Appeal allowed; constructive dismissal; reinstatement + compensation,text
2023/HC-A/374,2026-02-18,Huzaifa Muhammad,ހުޒައިފާ މުޙައްމަދު,Huzaifa Muhammad; Abdul Maanee Hussain; Abdulla Jameel Moosa,Appeal dismissed; tribunal order upheld,text
2024/HC-A/89,2026-02-10,Hassan Shafee,ހަސަން ޝަފީޢު,Hassan Shafee; Hussain Mazeed; Muhammad Shaniz Abdulla,"Appeal partly allowed; MVR 678,090.32 compensation",text
2026/HC-B12/3,2026-02-03,Muhammad Shaniz Abdulla,މުޙައްމަދު ޝަނީޒް ޢަބްދުالله,Muhammad Shaniz Abdulla; Dheebanaz Fahmy; Ibrahim Mahir,Appeal dismissed; Criminal Court decision affirmed,text
2025/HC-A/251,2026-02-03,Abdulla Jameel Moosa,ފަނޑިޔާރު ޢަބްދުالله ޖަމީލް މޫސާ,Ibrahim Mahir; Abdulla Jameel Moosa (presiding); Fathimath Farheeza,NO_TEXT,OCR-high
2025/HC-A/252,2026-02-03,Abdulla Jameel Moosa,ފަނޑިޔާރު ޢަބްދުالله ޖަމީލް މޫސާ,Ibrahim Mahir; Abdulla Jameel Moosa (presiding); Fathimath Farheeza,NO_TEXT,OCR-high
2023/HC-A/348,2026-01-28,Huzaifa Muhammad,ހުޒައިފާ މުޙައްމަދު,Huzaifa Muhammad; Hussain Mazeed; Abdulla Jameel Moosa,Lease dispute decided; tenant occupancy upheld,text
2022/HC-A/383,2026-01-27,Fathimath Farheeza,ފާޠިމަތު ފަރްހީޒާ,Fathimath Farheeza; Hussain Mazeed; Muhammad Shaniz Abdulla,Sentence reduced,text
2025/HC-A/123,2026-01-27,Dheebanaz Fahmy,ދީބާނާޒް ފަހުމީ,Dheebanaz Fahmy; Fathimath Farheeza; Muhammad Shaniz Abdulla,Judicial-review petition dismissed,text
2024/HC-A/01,2026-01-27,Hassan Shafee,ފަނޑިޔާރު ޙަސަން ޝަފީޢު,Ibrahim Mahir; Hassan Shafee (presiding); Abdulla Jameel Moosa,NO_TEXT,OCR-high
2025/HC-A/316,2026-01-27,Huzaifa Muhammad,ފަނޑިޔާރު ހުޒައިފާ މުޙައްމަދު,Ibrahim Mahir; Huzaifa Muhammad (presiding); Abdulla Jameel Moosa,Petition dismissed,OCR-med
2026/HC-B12/2,2026-01-20,Unresolved,,,(404 - file not found on server),unresolved
2026/HC-B12/01,2026-01-18,Huzaifa Muhammad,ހުޒައިފާ މުޙައްމަދު,Huzaifa Muhammad; Fathimath Farheeza; Abdulla Jameel Moosa,Remand in custody during trial; bail conditions,text
2024/HC-A/238,2026-01-11,Fathimath Farheeza,ފަނޑިޔާރު ފާޠިމަތު ފަރުހީޒް,Abdulla Jameel Moosa; Fathimath Farheeza (presiding); Hassan Shafee,NO_TEXT,OCR-med
2025/HC-B12/44,2026-01-08,Hassan Shafee,ހަސަން ޝަފީޢު,Hassan Shafee; Fathimath Farheeza; Abdulla Jameel Moosa,Bail appeal dismissed; detention upheld,text
2025/HC-B12/43,2026-01-04,Abdulla Jameel Moosa,ޢަބްދުالله ޖަމީލް މޫސާ,Abdulla Jameel Moosa; Hassan Shafee; Ibrahim Mahir,Appeal allowed; detention order nullified,text
